Seed;Model;Graph;Use_Vector;Use_GPU;N_threads;N_Epochs;Peak_RAM;Peak_RAM_load_graph;Wall_train;CPU_train;GPU_train;Wall_inf_scores;CPU_inf_scores;Wall_inf_ent;CPU_inf_ent;Wall_inf_rel;CPU_inf_rel
1;transe;wn18rr;0;0;8;500;174410727;13386108;2006.8051912784576;13230.699924197;NaN;0.0008216024912822426;0.0008286441248295011;1.13452671327604e-06;1.1353050615790105e-06;6.336356970582224e-07;6.343293435348529e-07
1;transe;wn18rr;0;0;16;500;174410634;13385982;1489.0148220062256;23186.620452695;NaN;0.000819011931543311;0.0008270151764708144;1.2345744549168118e-06;1.2354565664874065e-06;6.728557163974329e-07;6.735188089532169e-07
1;transe;wn18rr;0;0;32;500;174410767;13386112;1437.5405550003052;26556.643814213;NaN;0.0008415623011243327;0.0008564748625170015;1.697386990819845e-06;1.6982568397642007e-06;6.460295493234199e-07;6.490605343525774e-07
1;transe;wn18rr;0;0;8;500;NaN;NaN;1906.6832840442657;13500.68539513;NaN;0.000811244900021116;0.0008161426484269732;1.2813775549182814e-06;1.2818382351357688e-06;6.832926446207571e-07;6.836792066188547e-07
1;transe;wn18rr;0;0;16;500;NaN;NaN;1458.9060637950897;16025.694522415999;NaN;0.000810757136703679;0.0008194554753764051;1.3445698937704397e-06;1.344953146252933e-06;7.495834465392148e-07;7.499302327632108e-07
1;transe;wn18rr;0;0;32;500;NaN;NaN;1439.1304836273193;25926.876174440004;NaN;0.0008391756691782647;0.000851449364910825;1.3775114484753068e-06;1.3780916563278858e-06;7.178649693605185e-07;7.181511628328441e-07
1;transe;wn18;0;0;8;500;177939048;16146117;2035.8245780467987;14423.157833861;NaN;0.00048221559524536133;0.00048666715299987116;1.1441707611083985e-06;1.14459939977678e-06;7.065773010253906e-07;7.071718002407579e-07
1;transe;wn18;0;0;16;500;177939082;16146109;1583.850121974945;16886.094781918;NaN;0.0005140954971313477;0.0005198102805996314;1.3807296752929687e-06;1.3816653998219409e-06;7.541179656982421e-07;7.547373999841512e-07
1;transe;wn18;0;0;32;500;177939015;16146176;1561.0088098049164;28279.26538556;NaN;0.0005327967643737793;0.0005438075780002692;1.7240524291992188e-06;1.7250193996005692e-06;8.577346801757812e-07;8.584101997257676e-07
1;transe;wn18;0;0;8;500;NaN;NaN;2018.893188238144;14352.494976003;NaN;0.0004872320652008057;0.0004919403398002032;1.204395294189453e-06;1.2048123997374204e-06;7.555007934570313e-07;7.557523997093085e-07
1;transe;wn18;0;0;16;500;NaN;NaN;1576.6266264915466;16978.338770362;NaN;0.0005163572788238525;0.0005227927935993648;1.3104915618896484e-06;1.3107768005284015e-06;7.499217987060547e-07;7.50105400220491e-07
1;transe;wn18;0;0;32;500;NaN;NaN;1567.5030930042267;28775.519888385003;NaN;0.0005063586235046387;0.0005168320263997884;1.1195659637451172e-06;1.1196332001418342e-06;6.9427490234375e-07;6.944661996385548e-07
1;transe;fb15k;0;0;8;500;200483952;40767238;1897.0458316802979;12280.768136764;NaN;1.6228361717906453e-05;1.9323167087045952e-05;7.987230260897142e-07;7.987148854877998e-07;7.748896440647828e-07;7.75066885615042e-07
1;transe;fb15k;0;0;16;500;200483880;40767242;1683.4080073833466;16927.042787108003;NaN;1.530896630303073e-05;2.0031406697044665e-05;7.960147789536043e-07;7.964475123171088e-07;7.495306026993899e-07;7.497658071964257e-07
1;transe;fb15k;0;0;32;500;200483837;40767305;1635.1234891414642;26524.229694741;NaN;1.909113635007166e-05;2.8722458549903788e-05;8.652748696475626e-07;8.652831846317796e-07;8.100201702536064e-07;8.100459108428339e-07
1;transe;fb15k;0;0;8;500;NaN;NaN;1958.185073375702;12029.152872482;NaN;1.4837158170060976e-05;1.750279355351997e-05;8.29216032219834e-07;8.293238306601997e-07;7.874258819258221e-07;7.875371671500266e-07
1;transe;fb15k;0;0;16;500;NaN;NaN;1678.5022704601288;16653.890854693;NaN;1.5806504801861435e-05;2.0842678827163732e-05;8.395323953791439e-07;8.395952159338737e-07;7.741429589378374e-07;7.742472279148886e-07
1;transe;fb15k;0;0;32;500;NaN;NaN;1620.0020580291748;25587.413707193;NaN;1.723600724251548e-05;2.7238823788304633e-05;1.0643451606270155e-06;1.064470501625241e-06;9.247715477897328e-07;9.24905994481828e-07
1;transe;fb15k-237;0;0;8;500;110109100;29651254;1228.3776681423187;8002.416204609;NaN;3.581476813485354e-05;3.897839455913452e-05;4.861811880426568e-07;4.865882180273268e-07;2.935845180667885e-07;2.938729816798765e-07
1;transe;fb15k-237;0;0;16;500;109966458;29507595;1049.9781556129456;9844.319282217;NaN;4.2568565243225364e-05;4.6619273999462735e-05;5.142016121057723e-07;5.142388197752128e-07;2.703819271169398e-07;2.7066586746461744e-07
1;transe;fb15k-237;0;0;32;500;109966450;29507528;1040.1758377552032;15797.345690379;NaN;4.972156590358049e-05;5.809776998729769e-05;5.715489912457703e-07;5.719142283513374e-07;3.7927895402334387e-07;3.7953557099281144e-07
1;transe;fb15k-237;0;0;8;500;NaN;NaN;1236.9804158210754;8763.812346112001;NaN;5.0762614481532416e-05;5.3867714747046594e-05;5.669528017866249e-07;5.675349838611888e-07;3.5805949050510615e-07;3.582333398966979e-07
1;transe;fb15k-237;0;0;16;500;NaN;NaN;1067.2306745052338;9928.007712769;NaN;4.379957409821467e-05;4.8146671738956e-05;6.422416514549625e-07;6.423666210466065e-07;3.819853396947189e-07;3.822076035033642e-07
1;transe;fb15k-237;0;0;32;500;NaN;NaN;1081.8117971420288;16559.043070984;NaN;4.396834990810025e-05;5.246097250217137e-05;6.094383906450205e-07;6.088745475400988e-07;3.5275170826167673e-07;3.529336531262182e-07
1;transe;yago3-10;0;0;8;500;491245487;129680453;8074.882373809814;53992.457737766;NaN;0.0015555523524366675;0.0015637254588531232;7.896287428811102e-06;7.899049177566477e-06;6.769709393758938e-07;6.804369722035182e-07
1;transe;yago3-10;0;0;16;500;491245451;129680453;7144.920380830765;74971.0492604;NaN;0.001319626879376228;0.0013304316509426112;1.1130347877848536e-06;1.1137193908444964e-06;5.798232646315799e-07;5.801886777690377e-07
1;transe;yago3-10;0;0;32;500;491245494;129680386;6902.661927223206;122323.11476592699;NaN;0.0013978524363122279;0.0014119261696125074;1.1212660193395442e-06;1.1221035723166936e-06;5.719748810561773e-07;5.725411497638234e-07
1;transe;yago3-10;0;0;8;500;NaN;NaN;8343.575015068054;60096.875728876;NaN;0.001425604224922857;0.001433743446405838;1.8813149702209204e-06;1.8820317119243322e-06;1.4384077141821886e-06;1.438809714491495e-06
1;transe;yago3-10;0;0;16;500;NaN;NaN;6891.893650770187;71055.011399917;NaN;0.0014528339046017322;0.0014649809773179315;2.7605253546556665e-06;2.76135066030633e-06;5.056464686445422e-07;5.058466465663298e-07
1;transe;yago3-10;0;0;32;500;NaN;NaN;6897.77515745163;122316.920137446;NaN;0.001443898950605113;0.0014619159150924222;1.0955673487298416e-06;1.0961967088403243e-06;4.877961816102422e-07;4.879985940192136e-07
1;distmult;wn18rr;0;0;8;500;174376565;13386116;1864.3552513122559;13312.573329674;NaN;0.00047266964384045057;0.0004795075752391125;9.033650608297575e-07;9.041621066517134e-07;6.338803125634565e-07;6.344107389560357e-07
1;distmult;wn18rr;0;0;16;500;174376631;13386175;1421.5005359649658;15855.370160845;NaN;0.0004568515821944836;0.00046375792441850444;1.0998728500345338e-06;1.1006419292054549e-06;6.249110773715372e-07;6.254685366589629e-07
1;distmult;wn18rr;0;0;32;500;174376632;13386045;1459.6536355018616;28162.103354094;NaN;0.0005492730277670718;0.000559545567031468;1.4781299596282918e-06;1.4796135433113124e-06;7.485234460165334e-07;7.492424756069234e-07
1;distmult;wn18rr;0;0;8;500;NaN;NaN;1856.188844203949;13276.632769024;NaN;0.0004854492547574024;0.0004901543738028565;1.5094407442982643e-06;1.5096778387426611e-06;9.423404646637338e-07;9.427835161118241e-07
1;distmult;wn18rr;0;0;16;500;NaN;NaN;1429.1222920417786;16012.157840327;NaN;0.0004974781406887905;0.0005050835099184176;1.1443928719871511e-06;1.1445779753100014e-06;7.168865073395819e-07;7.171025994237689e-07
1;distmult;wn18rr;0;0;32;500;NaN;NaN;1460.1298716068268;28157.214114389;NaN;0.0004626819927617398;0.0004749458953489775;1.582173087854555e-06;1.5824459648811992e-06;5.847941345131348e-07;5.851778392546215e-07
1;distmult;wn18;0;0;8;500;177905075;16146117;2001.6788258552551;14229.724003288;NaN;0.00028422842025756836;0.00028833329980006964;1.103973388671875e-06;1.1049020002246834e-06;6.054878234863281e-07;6.061246000172104e-07
1;distmult;wn18;0;0;16;500;177905009;16146054;1612.7753715515137;17838.151230037;NaN;0.00028382925987243654;0.0002898320053995121;9.56439971923828e-07;9.568681998644025e-07;5.358219146728515e-07;5.363347998354584e-07
1;distmult;wn18;0;0;32;500;177904987;16146117;1637.5196416378021;30912.740945306;NaN;0.0003026665210723877;0.0003141668452000886;1.150798797607422e-06;1.151617600407917e-06;6.151199340820313e-07;6.164937993162312e-07
1;distmult;wn18;0;0;8;500;NaN;NaN;2017.2542309761047;14433.609973018;NaN;0.00027495317459106446;0.0002786711439999635;1.0654449462890625e-06;1.066347400046652e-06;5.841732025146485e-07;5.842057998961536e-07
1;distmult;wn18;0;0;16;500;NaN;NaN;1615.4693624973297;18038.234217445002;NaN;0.0003098426342010498;0.0003173893790000875;1.1999607086181641e-06;1.2003138006548397e-06;5.950927734375e-07;5.952159997832496e-07
1;distmult;wn18;0;0;32;500;NaN;NaN;1603.2689259052277;30401.921228146002;NaN;0.0002852902889251709;0.00029659135160036386;1.172637939453125e-06;1.1728792000212707e-06;5.832672119140625e-07;5.834235998918302e-07
1;distmult;fb15k;0;0;8;500;200442236;40767251;1951.9292318820953;13399.602445204;NaN;1.19007684566506e-05;1.4211521254062584e-05;5.136265362145137e-07;5.136975334916667e-07;3.909239711103746e-07;3.9103331583492205e-07
1;distmult;fb15k;0;0;16;500;200442368;40767246;1788.7010691165924;18047.925752909;NaN;1.3641816185216996e-05;1.7954326353020327e-05;5.533017513381507e-07;5.533751586815741e-07;4.1434163114570944e-07;4.1445323427965993e-07
1;distmult;fb15k;0;0;32;500;200442495;40767242;1779.2812581062317;29987.665483815;NaN;1.2410399218402002e-05;2.155983822853541e-05;5.0965901470215e-07;5.097345059495008e-07;3.9820919626786846e-07;3.9832098662491615e-07
1;distmult;fb15k;0;0;8;500;NaN;NaN;1937.1375749111176;13565.77493667;NaN;1.161630967623517e-05;1.39718415297087e-05;5.185748387314596e-07;5.18613939166748e-07;4.017569596548142e-07;4.018255827706527e-07
1;distmult;fb15k;0;0;16;500;NaN;NaN;1742.8483576774597;18016.971992649;NaN;1.4513694173068248e-05;1.898729593198639e-05;5.864464987028818e-07;5.864739212206566e-07;4.086385712301755e-07;4.086809771385138e-07
1;distmult;fb15k;0;0;32;500;NaN;NaN;1753.8694295883179;29527.322379707;NaN;1.3572519769300645e-05;2.2612989080918262e-05;5.601873990493333e-07;5.602328384645382e-07;4.195119211328284e-07;4.1955787103890596e-07
1;distmult;fb15k-237;0;0;8;500;109924813;29507528;1186.6484246253967;7800.907082466;NaN;2.9875418131733398e-05;3.207486745277579e-05;4.778170564634504e-07;4.781645464517841e-07;2.7201509088414887e-07;2.725238770744811e-07
1;distmult;fb15k-237;0;0;16;500;109924612;29507528;1143.1181826591492;11139.417440409;NaN;3.4088059080149846e-05;3.787916939038458e-05;4.342582457008888e-07;4.344870828982888e-07;2.878917757925169e-07;2.8804790102896884e-07
1;distmult;fb15k-237;0;0;32;500;109924806;29507528;1165.2406315803528;19288.592932872;NaN;2.7993115231836596e-05;3.60261836284687e-05;5.394573232201124e-07;5.407051082987753e-07;3.1802364729752406e-07;3.1831896456150736e-07
1;distmult;fb15k-237;0;0;8;500;NaN;NaN;1187.0685324668884;7907.883478899001;NaN;2.7411848916175934e-05;2.9671955523988117e-05;4.792519074874984e-07;4.794608083367546e-07;2.8070585521679705e-07;2.808374107017466e-07
1;distmult;fb15k-237;0;0;16;500;NaN;NaN;1100.8241398334503;11120.155227539999;NaN;2.7388144710640443e-05;3.133118964670173e-05;4.3372163474880586e-07;4.339134945207024e-07;2.608045881678067e-07;2.6088041887944845e-07
1;distmult;fb15k-237;0;0;32;500;NaN;NaN;1105.4628496170044;18237.589418691998;NaN;2.8257524445747745e-05;3.5895605587505484e-05;4.803484603026244e-07;4.805326841104416e-07;2.9847234391293563e-07;2.9860504950506625e-07
1;distmult;yago3-10;0;0;8;500;491211545;129680327;7982.979586601257;57317.883986967;NaN;0.0007617034762798663;0.0007697325493787051;9.303684456670969e-07;9.309096749742422e-07;3.6796476409311803e-07;3.686039749330485e-07
1;distmult;yago3-10;0;0;16;500;491211444;129680331;7383.958455324173;78697.425202797;NaN;0.0007764581024096415;0.0007872595122440932;1.304123785446945e-06;1.304820150963959e-06;4.266362169189943e-07;4.2703412504981127e-07
1;distmult;yago3-10;0;0;32;500;491211358;129680453;7143.518917798996;137811.78428296102;NaN;0.0007627435785275968;0.0007793670879164822;9.414710370664471e-07;9.419456070935071e-07;3.5356010887240944e-07;3.5395845513796826e-07
1;distmult;yago3-10;0;0;8;500;NaN;NaN;7925.5280084609985;56897.657690413;NaN;0.0007731790094670404;0.0007819182300274285;5.478076023636262e-06;5.478387194232221e-06;4.2926829677659887e-07;4.2940485753385936e-07
1;distmult;yago3-10;0;0;16;500;NaN;NaN;7465.846911430359;79468.750240558;NaN;0.0007641258511568159;0.0007766696625871551;1.1835266719712449e-06;1.183975511805361e-06;4.610925350549086e-07;4.611692086347449e-07
1;distmult;yago3-10;0;0;32;500;NaN;NaN;7137.714649438858;138607.848244607;NaN;0.0007639187304000211;0.0007821157920511349;1.207502526674152e-06;1.2078751515094618e-06;4.640596068943901e-07;4.642075445504492e-07
1;convkb;wn18rr;0;0;8;500;175022746;13386054;8888.55377626419;98115.726657029;NaN;0.0008111017184120522;0.0009973127582068979;1.0242866589171778e-06;1.024933651799308e-06;5.266571827691492e-07;5.278731187090161e-07
1;convkb;wn18rr;0;0;16;500;175023019;13386175;7992.987888097763;118470.33899368899;NaN;0.0008011723673620889;0.001066971042064635;9.33860460482283e-07;9.330666943156402e-07;5.549510428745672e-07;5.557106687749766e-07
1;convkb;wn18rr;0;0;32;500;175022809;13386175;7680.667055130005;152094.072031408;NaN;0.000923960381754446;0.001294986318736197;1.4694868784433514e-06;1.470473661532093e-06;5.735418212723634e-07;5.74360799478181e-07
1;convkb;wn18rr;0;0;8;500;NaN;NaN;8987.415277957916;99051.94820004201;NaN;0.0008392715584563165;0.0010813747787284432;1.1818190442879778e-06;1.183359098758309e-06;5.887895210986262e-07;5.890827591113094e-07
1;convkb;wn18rr;0;0;16;500;NaN;NaN;7907.592169046402;117460.98607464599;NaN;0.0008681749188622763;0.0011631143040342015;1.8144762793252634e-06;1.8149069742116154e-06;5.225802576819131e-07;5.228755112642501e-07
1;convkb;wn18rr;0;0;32;500;NaN;NaN;7623.3756465911865;151554.68367944998;NaN;0.0008202967337153027;0.0012003989210020256;8.228865596077184e-07;8.232896635850328e-07;3.407493987911866e-07;3.411002074452385e-07
1;convkb;wn18;0;0;8;500;178551115;16146117;13726.76696395874;162146.199622984;NaN;0.000499056339263916;0.0007492988136014901;9.868621826171874e-07;9.875358024146408e-07;4.903316497802734e-07;4.913604003377259e-07
1;convkb;wn18;0;0;16;500;178551333;16146176;12306.996042728424;182043.316430217;NaN;0.0005444717407226562;0.0008236290319997352;1.892995834350586e-06;1.893875002861023e-06;5.483627319335937e-07;5.489161994773894e-07
1;convkb;wn18;0;0;32;500;178551333;16146113;11921.717206478119;235922.036849408;NaN;0.0005281709671020508;0.0008763572474010288;9.334564208984375e-07;9.341599943581968e-07;5.913734436035156e-07;5.920894036535174e-07
1;convkb;wn18;0;0;8;500;NaN;NaN;13597.738088607788;156552.49615303602;NaN;0.0005044913768768311;0.0006891021702031139;1.251077651977539e-06;1.251462398795411e-06;5.311012268066406e-07;5.312573979608715e-07
1;convkb;wn18;0;0;16;500;NaN;NaN;12211.447527885437;183244.743593458;NaN;0.0005250024318695068;0.0007949487238016446;1.0509014129638672e-06;1.0511647968087345e-06;5.398750305175782e-07;5.401046015322209e-07
1;convkb;wn18;0;0;32;500;NaN;NaN;11925.845571756363;236376.015058627;NaN;0.0005095267295837403;0.0008708594074007123;8.420944213867188e-07;8.425319974776357e-07;5.633354187011719e-07;5.635684006847441e-07
1;convkb;fb15k;0;0;8;500;201254684;40767238;40859.730464696884;499156.297457517;NaN;3.0883381186758443e-05;0.00021634430483685846;8.190449699500918e-07;8.190825613918516e-07;4.6443411282418945e-07;4.6453714957764575e-07
1;convkb;fb15k;0;0;16;500;201257004;40767121;36343.35935807228;585559.587415147;NaN;2.870128875245244e-05;0.00033772394259395266;9.03198401824744e-07;9.032887202175934e-07;8.763580986129245e-07;8.765504220614262e-07
1;convkb;fb15k;0;0;32;500;201257004;40767305;35492.22403669357;722463.3026122149;NaN;2.7957404703767087e-05;0.0003926047056591935;8.46450332176897e-07;8.466744756688417e-07;7.39868093543135e-07;7.400046383040629e-07
1;convkb;fb15k;0;0;8;500;NaN;NaN;40707.295184373856;537964.6828985411;NaN;3.356250760291748e-05;0.00028333748436538953;9.293646703544021e-07;9.294985683719667e-07;8.33163373053091e-07;8.332824745336701e-07
1;convkb;fb15k;0;0;16;500;NaN;NaN;36858.42247700691;590363.64957676;NaN;2.6801507874304928e-05;0.00030980263943418716;8.042000623992539e-07;8.043045131797863e-07;7.14036824286647e-07;7.14143945459776e-07
1;convkb;fb15k;0;0;32;500;NaN;NaN;35670.37020587921;736562.364378643;NaN;2.9017439271336926e-05;0.0003876316777604107;9.40177478219735e-07;9.403345465736529e-07;7.907314771634882e-07;7.908576812971435e-07
1;convkb;fb15k-237;0;0;8;500;110739505;29507469;23293.332948684692;288488.186155997;NaN;5.8986620609512275e-05;0.0002857853381454158;6.006309717575717e-07;6.010953628317094e-07;3.807254705028719e-07;3.810642443297296e-07
1;convkb;fb15k-237;0;0;16;500;110739627;29507595;20992.40942955017;330682.71626246197;NaN;5.2036727194520564e-05;0.0003206647506592228;4.829031950527586e-07;4.833160769892469e-07;2.6227443555829485e-07;2.625315084766182e-07
1;convkb;fb15k-237;0;0;32;500;110739491;29507595;20687.45316839218;403857.060981527;NaN;5.5344537088625796e-05;0.000413614188327132;5.386174104255477e-07;5.394854672706627e-07;3.073264246223047e-07;3.076376353929769e-07
1;convkb;fb15k-237;0;0;8;500;NaN;NaN;23480.117028474808;286536.268688999;NaN;5.672464213010581e-05;0.00029683013930096105;4.987915454166068e-07;4.995595459184782e-07;2.809624952373585e-07;2.8110925612269617e-07
1;convkb;fb15k-237;0;0;16;500;NaN;NaN;21348.222678422928;333661.51663638605;NaN;5.3722490500489236e-05;0.00032671253968056917;5.533275497859093e-07;5.535872400268855e-07;3.731079280743896e-07;3.732751718590956e-07
1;convkb;fb15k-237;0;0;32;500;NaN;NaN;20731.287342071533;406093.209348473;NaN;4.827175976560708e-05;0.0004403453809080438;5.041926513038768e-07;5.044411858834478e-07;2.817090843880826e-07;2.819259205986369e-07
1;convkb;yago3-10;0;0;8;500;491857904;129680319;71185.92095899582;1166473.080965209;NaN;0.0014970135564356145;0.0017334719006060382;1.6100193208980062e-06;1.6108972260848867e-06;6.731424595830145e-07;6.735844732778516e-07
1;convkb;yago3-10;0;0;16;500;491857688;129680386;63062.69672894478;1383994.37836213;NaN;0.0015460998358280483;0.0018570756852635774;2.0061712674661985e-06;2.0076272768405535e-06;7.571297350393056e-07;7.576244651062906e-07
1;convkb;yago3-10;0;0;32;500;491857753;129680390;60952.92168951035;1711263.193768922;NaN;0.0015322401168498588;0.0019653996539428166;1.3311145679867445e-06;1.3317569319363677e-06;3.3815047770606997e-07;3.3903913179861884e-07
1;convkb;yago3-10;0;0;8;500;NaN;NaN;70594.3226389885;1158138.405083835;NaN;0.0007798914352318983;0.000975105669035377;1.1862066078262604e-06;1.1862968986338758e-06;4.148636415558903e-07;4.1501445337585633e-07
1;convkb;yago3-10;0;0;16;500;NaN;NaN;62127.680559158325;1363506.144376551;NaN;0.0007900215927638571;0.0010818011095726414;1.4448204178352617e-06;1.465541363698634e-06;4.679837986820915e-07;4.6812185201837276e-07
1;convkb;yago3-10;0;0;32;500;NaN;NaN;60746.79638552666;1698617.679476575;NaN;0.0008172345228436385;0.001261660457835116;1.073936437900073e-06;1.0761529557176596e-06;3.115903991429694e-07;3.1176415753981905e-07
1;transe;wn18rr;0;1;2;500;132986914;13525929;655.8570666313171;583.615399694;583.615399694;0.0001951019838961955;0.00019455145006838583;8.293281012455514e-07;8.300451436491165e-07;2.804109075000935e-07;2.808601231153997e-07
1;transe;wn18rr;0;1;4;500;132882428;13386581;654.9203550815582;578.480406577;578.480406577;0.0002140847178718786;0.00021326785670316149;8.357696428833843e-07;8.362623119097984e-07;4.942863975764951e-07;4.949774282060822e-07
1;transe;wn18rr;0;1;8;500;132882516;13386580;654.9327704906464;583.754904851;583.754904851;0.00022117709983063787;0.00021994287619697244;7.356403627408676e-07;7.363142954765985e-07;4.854802393880653e-07;4.859086867431789e-07
1;transe;wn18rr;0;1;2;500;NaN;NaN;652.5689227581024;573.041542949;573.041542949;0.000205719275285379;0.00020520359883720234;7.236542029843937e-07;7.240318057287239e-07;2.5611243398016685e-07;2.5632865938588817e-07
1;transe;wn18rr;0;1;4;500;NaN;NaN;651.5871450901031;571.938695954;571.938695954;0.00020940424479472817;0.00020854619938443265;7.331126691867813e-07;7.335721614467997e-07;4.7610331168742253e-07;4.7642954854893324e-07
1;transe;wn18rr;0;1;8;500;NaN;NaN;651.4990148544312;574.4362008720001;574.4362008720001;0.00021980521453878295;0.00021924421374831267;5.930295231893516e-07;5.934329685382239e-07;4.878448559386622e-07;4.880909712625576e-07
1;transe;wn18;0;1;2;500;136114505;16285830;723.329386472702;647.495911419;647.495911419;0.00011625933647155762;0.00011571035199999641;4.897594451904296e-07;4.903452000007747e-07;2.2792816162109374e-07;2.283882000028825e-07
1;transe;wn18;0;1;4;500;136010480;16146573;723.4553036689758;645.1611284429999;645.1611284429999;0.00012641282081604004;0.00012596372020000216;5.724430084228515e-07;5.73045600003752e-07;2.2530555725097655e-07;2.2565140000097018e-07
1;transe;wn18;0;1;8;500;136010486;16146640;726.243278503418;646.688397037;646.688397037;0.00012719221115112305;0.00012644929660000342;5.81979751586914e-07;5.824304000043412e-07;3.495693206787109e-07;3.4990340000149446e-07
1;transe;wn18;0;1;2;500;NaN;NaN;720.5075378417969;641.451164565;641.451164565;0.00012331867218017578;0.00012302633159999915;5.569934844970703e-07;5.574197999976605e-07;2.2759437561035156e-07;2.277207999895836e-07
1;transe;wn18;0;1;4;500;NaN;NaN;720.6606979370117;643.063962391;643.063962391;0.00012306652069091797;0.00012269667759999266;6.049156188964844e-07;6.05215199993836e-07;2.200603485107422e-07;2.2027380000508857e-07
1;transe;wn18;0;1;8;500;NaN;NaN;721.2035388946533;646.36897466;646.36897466;0.00012295989990234374;0.00012263740140001572;5.910873413085938e-07;5.914128000085839e-07;3.5538673400878904e-07;3.5559440000270113e-07
1;transe;fb15k;0;1;2;500;183813366;40767710;742.8052444458008;737.672195294;737.672195294;5.982982079286241e-06;5.991478356553232e-06;2.8336498760785154e-07;2.8398682940781976e-07;1.8982753994861585e-07;1.9013937465147304e-07
1;transe;fb15k;0;1;4;500;183813301;40767639;742.7956781387329;735.254638743;735.254638743;5.913491928850467e-06;5.919137055409635e-06;2.841116727347969e-07;2.8449423575096796e-07;1.917285599204605e-07;1.9178297303224797e-07
1;transe;fb15k;0;1;8;500;183813421;40767643;743.6314272880554;737.5882238410001;737.5882238410001;6.428232438551667e-06;6.442736875963736e-06;2.76677110551914e-07;2.7674342740175473e-07;1.9002531060386085e-07;1.9010900441881347e-07
1;transe;fb15k;0;1;2;500;NaN;NaN;739.9881784915924;729.891699604;729.891699604;5.622635873158234e-06;5.630218939920422e-06;2.75724582498081e-07;2.757642328723486e-07;1.892463363903449e-07;1.8929229232613013e-07
1;transe;fb15k;0;1;4;500;NaN;NaN;738.617213010788;732.643864335;732.643864335;5.499416682668966e-06;5.510325100302611e-06;2.8647281219027275e-07;2.868210120024327e-07;1.955830696298271e-07;1.9562267440888095e-07
1;transe;fb15k;0;1;8;500;NaN;NaN;738.6028664112091;732.043687469;732.043687469;5.7284875712083364e-06;5.7399540045021115e-06;2.75898136338398e-07;2.764740227857286e-07;1.8805971245887496e-07;1.8810033688209116e-07
1;transe;fb15k-237;0;1;2;500;95024666;29648038;526.2510409355164;555.669271216;555.669271216;1.1562729479107257e-05;1.15687856933151e-05;2.680371705654468e-07;2.6824302769687713e-07;1.649378750326349e-07;1.6503469028306177e-07
1;transe;fb15k-237;0;1;4;500;94887704;29507933;522.9602701663971;558.273528133;558.273528133;1.431389883407024e-05;1.434527336334304e-05;3.119692759033705e-07;3.121644975082002e-07;1.6171820932013704e-07;1.6182013895413018e-07
1;transe;fb15k-237;0;1;8;500;94887900;29508059;523.7549574375153;550.537184288;550.537184288;1.4334861657567915e-05;1.4357022702810399e-05;2.69693665243616e-07;2.6988467560161785e-07;1.6212650026193932e-07;1.6222027596086975e-07
1;transe;fb15k-237;0;1;2;500;NaN;NaN;521.756138086319;549.098526438;549.098526438;1.3772878339815798e-05;1.3768704276349141e-05;2.5192717654747745e-07;2.520133085448594e-07;1.5732033260415265e-07;1.5735668852343892e-07
1;transe;fb15k-237;0;1;4;500;NaN;NaN;522.0865585803986;549.252920775;549.252920775;1.3783913860699938e-05;1.3790746795186768e-05;2.625427410343363e-07;2.6244290048359604e-07;1.608433001591322e-07;1.6087077991654122e-07
1;transe;fb15k-237;0;1;8;500;NaN;NaN;521.6396579742432;547.8113904850001;547.8113904850001;1.3562515181143792e-05;1.355871117526482e-05;2.665789886304387e-07;2.6789969664540837e-07;1.6543948961827767e-07;1.6548062432857682e-07
1;transe;yago3-10;0;1;2;500;365228978;129820024;2820.665569782257;2254.69665318;2254.69665318;0.00029292991007250123;0.00029087973484546564;5.861402562898309e-07;5.864745081891062e-07;1.5538842359349125e-07;1.5632336415701623e-07
1;transe;yago3-10;0;1;4;500;365124666;129680850;2815.9135801792145;2253.970449247;2253.970449247;0.00030313414868845227;0.00030157604034517627;5.903994400594092e-07;5.90772581346046e-07;1.5711123950028696e-07;1.5743255720559047e-07
1;transe;yago3-10;0;1;8;500;365124511;129680724;2812.041399717331;2256.59324317;2256.59324317;0.00030110534153421066;0.00029967405379364206;5.636479375066646e-07;5.642484945479355e-07;1.659645990213205e-07;1.6624929751617223e-07
1;transe;yago3-10;0;1;2;500;NaN;NaN;2811.478015422821;2239.205179553;2239.205179553;0.00030174230485975097;0.0002997141282617277;5.458933624671865e-07;5.462719791602044e-07;1.4926285592488428e-07;1.493181453345823e-07
1;transe;yago3-10;0;1;4;500;NaN;NaN;2817.600703239441;2244.968462599;2244.968462599;0.0003035483423460444;0.0003020578659173355;5.301965953163812e-07;5.305499799208897e-07;1.527084877384757e-07;1.5292011238678632e-07
1;transe;yago3-10;0;1;8;500;NaN;NaN;2818.1049239635468;2254.3232716029997;2254.3232716029997;0.000304201528854707;0.0003025659749097007;5.54986001975275e-07;5.551766359532125e-07;1.5108138382650197e-07;1.5116639903543415e-07
1;distmult;wn18rr;0;1;2;500;132850774;13386576;660.3023006916046;584.061234733;584.061234733;0.00021421803332223122;0.0002133499254445942;6.104787625627217e-07;6.111716826333368e-07;4.865402399107467e-07;4.869480164404198e-07
1;distmult;wn18rr;0;1;4;500;132850774;13386509;659.5589783191681;583.793244898;583.793244898;0.00021505298758009715;0.00021452845006839384;8.265557921862309e-07;8.272127222855448e-07;2.676909012279171e-07;2.682859097148426e-07
1;distmult;wn18rr;0;1;8;500;132851030;13386509;660.6081800460815;590.745192651;590.745192651;0.00021138318423207254;0.00021058727257182173;8.223973285972501e-07;8.228765389916745e-07;2.703816717854929e-07;2.7095075236386746e-07
1;distmult;wn18rr;0;1;2;500;NaN;NaN;657.4452798366547;582.9045382070001;582.9045382070001;0.000213078451221847;0.00021251540766074737;7.1598958382039e-07;7.1646819428735e-07;4.824633148235107e-07;4.826692886624987e-07
1;distmult;wn18rr;0;1;4;500;NaN;NaN;656.2369608879089;582.813514939;582.813514939;0.00021041360990782607;0.0002095423290013489;5.161387160440802e-07;5.167698358097397e-07;2.486924303213973e-07;2.489620383071288e-07
1;distmult;wn18rr;0;1;8;500;NaN;NaN;658.2927143573761;582.171450349;582.171450349;0.00021205873071902754;0.00021120649521201492;7.225942024617124e-07;7.229907660632466e-07;2.655709001825544e-07;2.659360465197977e-07
1;distmult;wn18;0;1;2;500;135978744;16146577;730.6854450702667;654.919450516;654.919450516;0.00012617044448852538;0.00012567451140000686;5.955696105957032e-07;5.961121999916941e-07;2.2478103637695312e-07;2.251317999935054e-07
1;distmult;wn18;0;1;4;500;135978656;16146573;730.6635499000549;660.45687935;660.45687935;0.0001238652229309082;0.000123572106000006;5.92947006225586e-07;5.966277999959857e-07;2.2478103637695312e-07;2.252195999972173e-07
1;distmult;wn18;0;1;8;500;135978744;16146581;729.95720744133;660.1209392110001;660.1209392110001;0.0001313436985015869;0.00013106537300000128;5.734443664550781e-07;5.739597999991019e-07;2.3756027221679686e-07;2.3795179999979155e-07
1;distmult;wn18;0;1;2;500;NaN;NaN;729.7662227153778;656.44960813;656.44960813;0.00012250247001647949;0.00012201101419998394;4.4641494750976564e-07;4.468109999834269e-07;2.1963119506835938e-07;2.197993999971004e-07
1;distmult;wn18;0;1;4;500;NaN;NaN;729.5316669940948;654.2619162379999;654.2619162379999;0.00012307443618774413;0.00012256049000000074;5.676746368408203e-07;5.681408000100419e-07;3.5881996154785154e-07;3.5898639998777073e-07
1;distmult;wn18;0;1;8;500;NaN;NaN;730.206686258316;651.068351236;651.068351236;0.00012311620712280273;0.00012278300200000558;5.894660949707031e-07;5.898698000009972e-07;3.589153289794922e-07;3.591273999973055e-07
1;distmult;fb15k;0;1;2;500;183773004;40767769;769.9179921150208;776.108473889;776.108473889;5.9007377396550765e-06;5.9128430363460945e-06;2.7383163479787895e-07;2.738947199130101e-07;1.8942796250230456e-07;1.8950143048345543e-07
1;distmult;fb15k;0;1;4;500;183772738;40767710;767.8266835212708;773.433648944;773.433648944;5.965025311017161e-06;5.975125408406198e-06;2.797768628626925e-07;2.7985351526084057e-07;1.9020693671582054e-07;1.9070714902300703e-07
1;distmult;fb15k;0;1;8;500;183772758;40767643;767.3743116855621;771.39205329;771.39205329;5.920797334687068e-06;5.929969714410246e-06;2.833690237436729e-07;2.8342679148804535e-07;1.9060651416213184e-07;1.906658258715677e-07
1;distmult;fb15k;0;1;2;500;NaN;NaN;766.5380430221558;775.928682692;775.928682692;5.572801704172319e-06;5.583323593642088e-06;2.8812762787701653e-07;2.881768041847938e-07;1.9142584973386105e-07;1.9145946403393593e-07
1;distmult;fb15k;0;1;4;500;NaN;NaN;762.6298305988312;769.838395883;769.838395883;5.459434721222908e-06;5.466140153375341e-06;2.753613302741616e-07;2.7540786510999897e-07;1.888669396231402e-07;1.8955589036829933e-07
1;distmult;fb15k;0;1;8;500;NaN;NaN;764.9421007633209;772.943569036;772.943569036;5.360997404676582e-06;5.371679233464847e-06;2.7279031175597676e-07;2.728361463316257e-07;1.8936742046498466e-07;1.893965228289118e-07
1;distmult;fb15k-237;0;1;2;500;94846667;29507992;538.1674554347992;571.374513249;571.374513249;1.416455767301445e-05;1.4141969175063297e-05;2.6878375971617094e-07;2.697996868528265e-07;1.6256978757018176e-07;1.6267134749110761e-07
1;distmult;fb15k-237;0;1;4;500;94846675;29507933;539.0859668254852;581.67257601;581.67257601;1.4048498056443286e-05;1.4062471230061843e-05;2.6681229774004e-07;2.669935903709893e-07;1.633863694537863e-07;1.634726489915188e-07
1;distmult;fb15k-237;0;1;8;500;94846720;29508059;538.528755903244;573.5775913479999;573.5775913479999;1.4170857018973685e-05;1.4168136216851196e-05;2.5929974441087834e-07;2.5948439181591956e-07;1.5939678367960417e-07;1.5948972502238866e-07
1;distmult;fb15k-237;0;1;2;500;NaN;NaN;536.1276557445526;571.8139193100001;571.8139193100001;1.3600591227830723e-05;1.360664389861708e-05;2.544469149311714e-07;2.5458205303670276e-07;1.5971175097756593e-07;1.5975066053418336e-07
1;distmult;fb15k-237;0;1;4;500;NaN;NaN;536.8506467342377;576.164916767;576.164916767;1.3500676601643967e-05;1.3510227957727221e-05;2.622627701028148e-07;2.623660827913121e-07;1.5824190358707776e-07;1.582845190353412e-07
1;distmult;fb15k-237;0;1;8;500;NaN;NaN;537.1955232620239;575.6330875499999;575.6330875499999;1.3376381173503878e-05;1.3374167433211953e-05;2.6120121365412886e-07;2.6130154613768387e-07;1.6364300947434773e-07;1.636887660235209e-07
1;distmult;yago3-10;0;1;2;500;365092836;129680917;2863.3226594924927;2332.535826146;2332.535826146;0.0003030991659543448;0.0003016312788036375;5.422084506665402e-07;5.426491369043873e-07;1.5433559165044942e-07;1.546087916641117e-07
1;distmult;yago3-10;0;1;4;500;365093176;129680724;2862.3821201324463;2328.2547220059996;2328.2547220059996;0.0003016019432193445;0.00029954025311118836;5.392892348244697e-07;5.397661581827623e-07;1.5304347972035265e-07;1.5330730638887993e-07
1;distmult;yago3-10;0;1;8;500;365092772;129680858;2867.418633699417;2344.052123373;2344.052123373;0.0003027634561325067;0.000300697989963911;5.384756828684828e-07;5.389171016128516e-07;1.5567555957795722e-07;1.559769169597556e-07
1;distmult;yago3-10;0;1;2;500;NaN;NaN;2861.8812232017517;2332.177902592;2332.177902592;0.00030050809868652147;0.0002984606037735972;5.304837313008472e-07;5.308364110560897e-07;1.538091756789285e-07;1.539233240185783e-07
1;distmult;yago3-10;0;1;4;500;NaN;NaN;2870.4745519161224;2330.801323241;2330.801323241;0.00030010428978036755;0.0002980619845443436;5.326372511843417e-07;5.328996387627979e-07;1.5175136779025585e-07;1.518596948709127e-07
1;distmult;yago3-10;0;1;8;500;NaN;NaN;2870.72483086586;2343.85858269;2343.85858269;0.0002994076978820531;0.0002973751348856473;5.31201571262012e-07;5.303606985014118e-07;1.484493039688974e-07;1.485770774775183e-07
1;convkb;wn18rr;0;1;2;500;133460957;13387090;2520.4529209802386;1785.0114218976398;1785.0114218976398;0.0009027317592075893;0.0009007532185714293;8.831705365862165e-07;8.848499999990013e-07;2.1219253540039068e-07;2.1599285714403647e-07
1;convkb;wn18rr;0;1;4;500;133251850;13386550;2517.5881209826812;1782.7413276565982;1782.7413276565982;0.000889773028237479;0.0008876497114285696;8.872577122279576e-07;8.922399999988784e-07;2.2377286638532367e-07;2.256142857147227e-07
1;convkb;wn18rr;0;1;8;500;133340475;13386492;2518.4209902523861;1783.3099165546512;1783.3099165546512;0.0009086251258850098;0.0009063425128571418;9.30513654436384e-07;9.335400000003752e-07;2.2820063999720983e-07;2.3167571428522089e-07
1;convkb;wn18rr;0;1;2;500;NaN;NaN;2518.5239190386237;1785.7591392012309;1785.7591392012309;0.0009041639736720494;0.0009019509757142862;9.196145193917411e-07;9.241371428585816e-07;2.2411346435546874e-07;2.255571428579271e-07
1;convkb;wn18rr;0;1;4;500;NaN;NaN;2516.9592134634233;1783.2846238984703;1783.2846238984703;0.0009016316277640206;0.0008992294099999982;8.947508675711495e-07;8.967185714275111e-07;2.0742416381835937e-07;2.09428571429677e-07
1;convkb;wn18rr;0;1;8;500;NaN;NaN;2517.3726352984112;1783.6121283976394;1783.6121283976394;0.0009027317592075893;0.0009007532185714291;8.831705365862165e-07;8.848499999990013e-07;2.1219253540039063e-07;2.1599285714403647e-07
1;convkb;wn18;0;1;2;500;136588945;16147150;3925.026322914215;2773.4639300272165;2773.4639300272165;0.000902043410709926;0.000900644702857143;8.96453857421875e-07;8.98357142857163e-07;2.0844595772879465e-07;2.1003999999840469e-07
1;convkb;wn18;0;1;4;500;136582459;16146577;3928.9236100371238;2778.0427321169544;2778.0427321169544;0.0009085627964564732;0.0009050791357142834;9.247234889439174e-07;9.295371428612904e-07;2.1491731916155135e-07;2.1811428571335714e-07
1;convkb;wn18;0;1;8;500;136585534;16146640;3926.3342892346384;2777.3702938461124;2777.3702938461124;0.0009057232311793736;0.0009043566314285708;8.944102696010044e-07;8.994914285714068e-07;2.193450927734375e-07;2.2103285714233526e-07
1;convkb;wn18;0;1;2;500;NaN;NaN;3921.1929477274982;2766.1983247369204;2766.1983247369204;0.0009110144206455775;0.0009085730500000214;8.988380432128906e-07;9.039685715249236e-07;2.1151133946010044e-07;2.146114284836845e-07
1;convkb;wn18;0;1;4;500;NaN;NaN;3922.8182472340123;2767.9538241792580;2767.9538241792580;0.0009118809018816267;0.0009088722171428896;8.910042898995536e-07;8.961785714031326e-07;2.2751944405691964e-07;2.2933000000843354e-07
1;convkb;wn18;0;1;8;500;NaN;NaN;3922.0142152334239;2768.7216535707753;2768.7216535707753;0.0009136990138462612;0.0009098308971428638;9.053094046456473e-07;9.072642857229799e-07;2.3433140345982143e-07;2.3678999999633885e-07
1;convkb;fb15k;0;1;2;500;93509830;40768212;10708.259382489168;7625.468742749612;7625.468742749612;0.000425011089869908;0.0004247508085714305;6.089891706194195e-07;6.10411428572734e-07;3.143719264439174e-07;3.177457142860313e-07
1;convkb;fb15k;0;1;4;500;93509854;40767769;10707.3270953789431;7625.1923813123947;7625.1923813123947;0.0004208622659955706;0.0004212564214285562;6.072861807686942e-07;6.110100000000785e-07;2.905300685337612e-07;2.9356142858562506e-07
1;convkb;fb15k;0;1;8;500;93509898;40767879;10706.8793847381123;7624.7125782983178;7624.7125782983178;0.00042033297674996513;0.00041998498428571097;6.40664781842913e-07;6.442414285702723e-07;3.1845910208565846e-07;3.2022714286483733e-07
1;convkb;fb15k;0;1;2;500;NaN;NaN;10703.3281268179682;7621.9273817530205;7621.9273817530205;0.0004278717722211565;0.00042704703857143246;6.277220589773996e-07;6.315600000001658e-07;3.1914029802594865e-07;3.212428571381614e-07
1;convkb;fb15k;0;1;4;500;NaN;NaN;10702.2125988156781;7619.9787511324683;7619.9787511324683;0.0004253213746207101;0.0004258129871428551;6.031990051269531e-07;6.050614285716246e-07;2.990450177873884e-07;3.023885714270591e-07
1;convkb;fb15k;0;1;8;500;NaN;NaN;10702.9318128126875;7620.8734211745678;7620.8734211745678;0.00042501108986990794;0.0004247508085714305;6.089891706194196e-07;6.10411428572734e-07;3.143719264439174e-07;3.1774571428603134e-07
1;convkb;fb15k-237;0;1;2;500;83099830;29508502;6176.803480398486;4457.264964231357;4457.264964231357;0.00042335374014718194;0.00041062480142857184;6.348746163504464e-07;6.366599999983537e-07;2.7452196393694203e-07;2.77648571427948e-07
1;convkb;fb15k-237;0;1;4;500;83099846;29508569;6174.7125439829042;4455.1475421309165;4455.1475421309165;0.0003853075844900949;0.000384234164285715;6.842613220214844e-07;6.860371428578966e-07;2.564702715192522e-07;2.607714285675554e-07
1;convkb;fb15k-237;0;1;8;500;83099848;29508569;6178.8304849876031;4461.9145789022579;4461.9145789022579;0.00040572779519217354;0.00040567006428571316;6.931168692452567e-07;6.951285714253328e-07;2.5681086948939733e-07;2.584057142840379e-07
1;convkb;fb15k-237;0;1;2;500;NaN;NaN;6179.3683761029496;4459.9712839478129;4459.9712839478129;0.0004108234814235142;0.00040994105428571306;6.229536873953683e-07;6.248985714257011e-07;2.4591173444475445e-07;2.4915285714196703e-07
1;convkb;fb15k-237;0;1;4;500;NaN;NaN;6177.2946801829429;4457.3467357127741;4457.3467357127741;0.0004150932175772531;0.0004149737785714334;6.147793361118862e-07;6.164542857131242e-07;2.5544847760881696e-07;2.5691571428763737e-07
1;convkb;fb15k-237;0;1;8;500;NaN;NaN;6177.0341658834022;4456.9926273789122;4456.9926273789122;0.000407912049974714;0.0004080780728571425;6.75405774797712e-07;6.786371428597298e-07;2.6226043701171877e-07;2.6400714285707797e-07
1;convkb;yago3-10;0;1;2;500;365704164;129681301;27708.117712495947;18518.362980992235;18518.362980992235;0.0022716750417436874;0.002158747238571428;1.064368656703404e-06;1.2463799999855902e-06;2.4352754865373877e-07;2.4804142857500925e-07
1;convkb;yago3-10;0;1;4;500;365704244;129681360;27703.3179481029483;18512.623821924375;18512.623821924375;0.0022385879925319128;0.0021766576857143198;1.1924334934779577e-06;1.1953271428767818e-06;3.017698015485491e-07;3.081999999819475e-07
1;convkb;yago3-10;0;1;8;500;365704196;129681364;27705.7365498370192;18514.9601662539871;18514.9601662539871;0.002216015202658517;0.002151270868571414;1.178468976702009e-06;1.184144285722206e-06;2.660070146833147e-07;2.7105857144858547e-07
1;convkb;yago3-10;0;1;2;500;NaN;NaN;27699.192810557393;18506.099123235867;18506.099123235867;0.002148482799530029;0.0021360124414285865;1.0194097246442523e-06;1.0211871428517886e-06;2.3467200142996653e-07;2.383257142923867e-07
1;convkb;yago3-10;0;1;4;500;NaN;NaN;27701.3992819037561;18508.2387812370932;18508.2387812370932;0.0022286244801112583;0.0021662724485714234;1.1716570172991072e-06;1.1762842857113551e-06;2.6191983904157365e-07;2.672228571449458e-07
1;convkb;yago3-10;0;1;8;500;NaN;NaN;27698.959342643766;18503.9121257466922;18503.9121257466922;0.002239109788622175;0.002177267729999995;1.0800361633300782e-06;1.0822885714186928e-06;2.700941903250558e-07;2.717228571417049e-07
1;transe;wn18rr;1;0;2;500;175201403;13404525;1402.570170879364;3539.1750825380004;NaN;0.0003337065922414882;0.0003382385389876762;1.4310007056198435e-06;1.432248974034149e-06;5.158125620371014e-07;5.168604650982791e-07
1;transe;wn18rr;1;0;4;500;175201278;13404588;1138.5915517807005;4872.583162120999;NaN;0.00033446212799865475;0.00034317900410405725;1.4362191697315054e-06;1.4381087550842626e-06;5.226617961836579e-07;5.238755129751151e-07
1;transe;wn18rr;1;0;8;500;175201414;13404580;1105.9195837974546;7923.364758232;NaN;0.00033455557112165414;0.0003464260848152559;1.4344253226931213e-06;1.4356730505117398e-06;9.78462020936645e-07;9.792954857383041e-07
1;transe;wn18rr;1;0;2;500;NaN;NaN;1372.5715680105427;3589.9176534306093;NaN;0.0003309090062466268;0.00033571974487004135;9.63295859612127e-07;9.643857729135527e-07;9.298650738967916e-07;9.312585499314592e-07
1;transe;wn18rr;1;0;4;500;NaN;NaN;1132.9179159268126;4885.984989158543;NaN;0.00033426562020945;0.00034358919835841264;1.4106160801836632e-06;1.411656634748201e-06;9.564466254655705e-07;9.574322845408292e-07
1;transe;wn18rr;1;0;8;500;NaN;NaN;1092.0672084965436;7984.144534567089;NaN;0.0003310559386267708;0.0003431405608755133;1.3856652986497787e-06;1.3870259917941971e-06;9.482927752910986e-07;9.493584131344555e-07
1;transe;wn18;1;0;2;500;178729860;16164514;1442.7607140541074;3698.1138777210003;NaN;0.00019851760864257812;0.00020167988920002244;1.2395858764648438e-06;1.2406140000166486e-06;8.149147033691407e-07;8.158555999216331e-07
1;transe;wn18;1;0;4;500;178729839;16164648;1224.2269270420074;5268.569418528002;NaN;0.00019611053466796872;0.00020269483239999318;1.2173652648925779e-06;1.2188888000309816e-06;8.15868377685547e-07;8.167647999471229e-07
1;transe;wn18;1;0;8;500;178729772;16164589;914.5931284427645;6020.856102062;NaN;0.0002100586891174316;0.0002198960596000688;1.1860847473144532e-06;1.1873436000314544e-06;7.78961181640625e-07;7.797563999702107e-07
1;transe;wn18;1;0;2;500;NaN;NaN;1463.1802492455158;3725.3232799797584;NaN;0.0001943572998046875;0.00019745502000000033;1.2165069580078128e-06;1.2177735999998164e-06;7.802963256835938e-07;7.811216000000342e-07
1;transe;wn18;1;0;4;500;NaN;NaN;1190.1547056062436;5280.485671808064;NaN;0.00019555969238281248;0.00020219641719999967;1.2247085571289063e-06;1.226379999999949e-06;7.966995239257811e-07;7.981216000004563e-07
1;transe;wn18;1;0;8;500;NaN;NaN;918.3708436945753;6107.852919154936;NaN;0.00019566020965576173;0.00020580416719999736;1.1995315551757813e-06;1.2011207999989894e-06;7.832527160644532e-07;7.842908000014858e-07
1;transe;fb15k;1;0;2;500;201307666;40785710;1537.549783706665;5238.112527116999;NaN;1.0710088208680253e-05;1.1961767940274738e-05;6.940539158352607e-07;6.941968140027536e-07;4.380498929601798e-07;4.385926088923813e-07
1;transe;fb15k;1;0;4;500;201307668;40785718;1061.4636325836186;4798.424908095;NaN;1.1020483197883526e-05;1.459909451338755e-05;6.941830721815432e-07;6.943119635748103e-07;4.6286405598969357e-07;4.6300157438001175e-07
1;transe;fb15k;1;0;8;500;201307732;40785777;921.1434473991392;5793.010160941;NaN;1.148337954295979e-05;2.0366856833302227e-05;6.925686178530127e-07;6.92687274632546e-07;4.820760624992065e-07;4.816064397035734e-07
1;transe;fb15k;1;0;2;500;NaN;NaN;1508.6356366468697;5099.210617982124;NaN;1.1075318139152063e-05;1.2410286468825732e-05;5.721303249446376e-07;5.722455011765714e-07;3.9370083255544703e-07;3.9382739415280686e-07
1;transe;fb15k;1;0;4;500;NaN;NaN;1081.4001390993296;4660.7129153656415;NaN;1.091166897614057e-05;1.4473832506644598e-05;7.12563634711863e-07;7.127058962943623e-07;4.6970934234266293e-07;4.698712396945768e-07
1;transe;fb15k;1;0;8;500;NaN;NaN;937.4680590207836;5662.0780595825445;NaN;1.1470358968800193e-05;2.052731976773723e-05;7.295719110629317e-07;7.297155626280134e-07;4.878396644520603e-07;4.880101911257975e-07
1;transe;fb15k-237;1;0;2;500;110790088;29526067;907.6288161277773;2893.7418302550004;NaN;2.1702996647886385e-05;2.3160314022895843e-05;5.784199445235285e-07;5.787994911518371e-07;3.3687502335330865e-07;3.370416870559036e-07
1;transe;fb15k-237;1;0;4;500;110789970;29526000;859.5439467430115;4180.882666691;NaN;2.289786592179845e-05;2.6658994813593547e-05;5.930250947845695e-07;5.934673647074211e-07;3.651754183479456e-07;3.6531372931639095e-07
1;transe;fb15k-237;1;0;8;500;110790098;29526067;714.9438819885255;4765.878418917002;NaN;2.2743881909461602e-05;3.12829548879599e-05;6.054371394153585e-07;6.058748409941161e-07;3.8484337628733466e-07;3.850212349449947e-07
1;transe;fb15k-237;1;0;2;500;NaN;NaN;905.1185928287391;2885.9296433951836;NaN;2.3310846376703703e-05;2.475764135433989e-05;5.463166110423904e-07;5.466652314316257e-07;3.322788338941631e-07;3.325324395733997e-07
1;transe;fb15k-237;1;0;4;500;NaN;NaN;849.7778691993221;4108.841489488732;NaN;2.2490484885523633e-05;2.626998894216643e-05;5.98367873394439e-07;5.987714062040901e-07;3.69211665944048e-07;3.693920148742579e-07
1;transe;fb15k-237;1;0;8;500;NaN;NaN;715.5656121281979;4755.1125670020865;NaN;2.278839728757353e-05;3.1208029650650665e-05;6.220720789299306e-07;6.225032782075825e-07;3.9298586421241993e-07;3.9316136608277655e-07
1;transe;yago3-10;1;0;2;500;492036071;129698737;6553.323598384857;19767.534217221993;NaN;0.001320508434704536;0.0013271791296668716;9.802822509667616e-07;9.810843033462221e-07;3.028327516167578e-07;3.0353311912952717e-07
1;transe;yago3-10;1;0;4;500;492036136;129698736;5510.5213656425485;28003.540733208003;NaN;0.0013105564929069356;0.0013230082890404431;1.00382740169297e-06;1.0048073061082185e-06;3.0551268747177336e-07;3.0631794444175877e-07
1;transe;yago3-10;1;0;8;500;492036195;129698925;4192.354015350341;24395.604522593;NaN;0.0013341897943803748;0.0013502954712961985;1.019428456848953e-06;1.0202930551534965e-06;3.246550864361702e-07;3.252541144784698e-07
1;transe;yago3-10;1;0;2;500;NaN;NaN;6642.913440198381;19502.45537758475;NaN;0.00083172230393185;0.0008387761718185469;1.0230655126521887e-06;1.02381493376204e-06;3.082883353216109e-07;3.088835808919167e-07
1;transe;yago3-10;1;0;4;500;NaN;NaN;5397.73133521934;27373.195337999336;NaN;0.0008600137167692856;0.0008729566166198315;1.0165570970042937e-06;1.0171188277769892e-06;3.061826714355273e-07;3.068129265332035e-07
1;transe;yago3-10;1;0;8;500;NaN;NaN;4275.699258799154;24404.20894372688;NaN;0.0007874773286615017;0.0008038485588117137;1.0268939924450678e-06;1.0276122039308022e-06;3.0819262332678896e-07;3.0876676034109247e-07
1;distmult;wn18rr;1;0;2;500;175169660;13404647;1348.1988482475278;3334.4868891479996;NaN;0.0003272068321134095;0.00033217774555399426;1.4151822362813676e-06;1.4164295486220281e-06;5.259233362534466e-07;5.268960328275918e-07
1;distmult;wn18rr;1;0;4;500;175169664;13404525;1089.2473912239075;4826.823070222999;NaN;0.00032676799189701943;0.00033572088577290036;1.459376104227006e-06;1.4604473325302106e-06;9.391604630956897e-07;9.39956908445853e-07
1;distmult;wn18rr;1;0;8;500;175169809;13404522;951.7204530239104;6497.288253392999;NaN;0.00032566118827433664;0.00033792372845406325;1.4469822519618088e-06;1.4482729139024084e-06;9.54815855430676e-07;9.559377563369452e-07
1;distmult;wn18rr;1;0;2;500;NaN;NaN;1356.7091804602921;3237.048859495456;NaN;0.0003458972505603378;0.00035082181737346077;1.4399699408117625e-06;1.4413392612863732e-06;9.301912279037707e-07;9.311621067035307e-07
1;distmult;wn18rr;1;0;4;500;NaN;NaN;1075.0853327417951;4777.181977542515;NaN;0.000330318993648002;0.00033914415800273724;1.3548437449902745e-06;1.3560937072519529e-06;9.409543101340736e-07;9.420704514377893e-07
1;distmult;wn18rr;1;0;8;500;NaN;NaN;949.648653523146;6349.79066569129;NaN;0.00033528012224815775;0.0003478021463748255;1.019557425815984e-06;1.0211114911101282e-06;9.438896961968836e-07;9.449528043768793e-07
1;distmult;wn18;1;0;2;500;178698598;16164464;1500.9049940109253;3840.551800668;NaN;0.00020161466598510745;0.0002047203919999447;1.2393951416015628e-06;1.2407115999849336e-06;8.087158203125e-07;8.097687999907065e-07
1;distmult;wn18;1;0;4;500;178698445;16164648;1363.9692645072937;6121.160673985001;NaN;0.00019471292495727542;0.00020141259920001178;9.281158447265624e-07;9.296679999351908e-07;7.53307342529297e-07;7.542147999629379e-07
1;distmult;wn18;1;0;8;500;178698378;16164648;1118.5662069320679;7504.425616568999;NaN;0.00019448699951171876;0.00020496242640001585;1.2029647827148438e-06;1.2044148001223223e-06;8.046150207519531e-07;8.054840000113472e-07
1;distmult;wn18;1;0;2;500;NaN;NaN;1474.544324164242;3791.129937755097;NaN;0.00019566440582275394;0.00019893496319999996;1.180267333984375e-06;1.1814964000002705e-06;7.776260375976563e-07;7.785943999998324e-07
1;distmult;wn18;1;0;4;500;NaN;NaN;1388.3993352436169;6140.4637974962425;NaN;0.0001967529296875;0.00020323072720000113;9.825706481933594e-07;9.846740000000409e-07;7.582664489746094e-07;7.596628000001716e-07
1;distmult;wn18;1;0;8;500;NaN;NaN;1115.2991585949455;7574.980910690852;NaN;0.0002048037528991699;0.00021469179000000057;9.252548217773437e-07;9.270151999999144e-07;7.336616516113281e-07;7.349836000003052e-07
1;distmult;fb15k;1;0;2;500;201269690;40785777;1581.1128613948822;5426.741868821;NaN;1.0227350219906348e-05;1.1343684447529033e-05;6.97904389408806e-07;6.980527839368035e-07;4.588037033534393e-07;4.589096172455242e-07
1;distmult;fb15k;1;0;4;500;201269480;40785777;1170.4374971389768;5821.7653302260005;NaN;1.081665833890655e-05;1.3929226117723846e-05;7.119905034252346e-07;7.121249344050624e-07;4.6261381556877135e-07;4.6277330669888284e-07
1;distmult;fb15k;1;0;8;500;201269616;40785777;1150.260939836502;7949.6698573250005;NaN;1.138444578170744e-05;1.8852481285241975e-05;6.936180131665576e-07;6.937346921557808e-07;4.772084826986871e-07;4.773673376012957e-07
1;distmult;fb15k;1;0;2;500;NaN;NaN;1577.4257591914427;5317.284216999908;NaN;1.0527695230914521e-05;1.1635280492965995e-05;7.071713572545709e-07;7.07290074655954e-07;4.326011096013894e-07;4.3274351204482734e-07
1;distmult;fb15k;1;0;4;500;NaN;NaN;1177.4215925846784;5650.79379012979;NaN;1.118590018838476e-05;1.4324451795297195e-05;6.954907801876529e-07;6.956373178039709e-07;4.721068070205306e-07;4.722530514127219e-07
1;distmult;fb15k;1;0;8;500;NaN;NaN;1118.0373295271052;7924.49367544156;NaN;1.3911906322108505e-05;2.1497857121091686e-05;7.068969000187208e-07;7.070307595944935e-07;4.793314901407048e-07;4.794900712701904e-07
1;distmult;fb15k-237;1;0;2;500;110751510;29525945;1086.1986145973206;3339.178999487999;NaN;2.2566706971630374e-05;2.385659232801443e-05;5.491396512685661e-07;5.494873275235329e-07;3.4135455825765354e-07;3.415345924290432e-07
1;distmult;fb15k-237;1;0;4;500;110751429;29525941;830.0701370239258;3881.4178405789994;NaN;2.225001318625758e-05;2.5624844701045097e-05;5.721439294752537e-07;5.725060182152564e-07;3.7203470617022366e-07;3.722193952274344e-07
1;distmult;fb15k-237;1;0;8;500;110751514;29526067;717.2252373695375;4615.006229299999;NaN;2.213464183155974e-05;2.9406082101971935e-05;5.673610927284272e-07;5.677360798681782e-07;3.64895447416424e-07;3.6507055482813614e-07
1;distmult;fb15k-237;1;0;2;500;NaN;NaN;1081.0790814435857;3259.2882372674408;NaN;2.1722314642161375e-05;2.3014009198551595e-05;5.920218656132841e-07;5.92418142675356e-07;3.462773804702408e-07;3.464307662197438e-07
1;distmult;fb15k-237;1;0;4;500;NaN;NaN;827.8958652725474;3868.4937331255965;NaN;2.2276190468354845e-05;2.5645347881397377e-05;5.660078998927396e-07;5.664679518543416e-07;3.5460651568300706e-07;3.548096682648239e-07
1;distmult;fb15k-237;1;0;8;500;NaN;NaN;722.8485991422049;4491.817332073078;NaN;2.1946454703755334e-05;2.9587513455328297e-05;5.835760758457171e-07;5.839924650160038e-07;3.5509646481316966e-07;3.5531265290118367e-07
1;distmult;yago3-10;1;0;2;500;492004777;129698925;6616.1604261398315;22228.260933492;NaN;0.0005375139687445115;0.0005440456427138425;9.932033702677293e-07;9.941589724441809e-07;3.034070235856897e-07;3.038719389485993e-07
1;distmult;yago3-10;1;0;4;500;492004512;129698858;5472.223562955856;25752.202221954;NaN;0.0005092772074561194;0.0005219453970290044;9.88513482521452e-07;9.892906462917856e-07;3.027370396219358e-07;3.031938980520538e-07
1;distmult;yago3-10;1;0;8;500;492004458;129698925;4352.942407131195;28471.645319688992;NaN;0.001348744717432954;0.0013654538586915464;1.033019560113675e-06;1.0336896828200969e-06;3.396818696232218e-07;3.4027659591258023e-07
1;distmult;yago3-10;1;0;2;500;NaN;NaN;6541.942085172287;21979.45411870537;NaN;0.0005011461863600073;0.0005077599189080691;1.0231612246470105e-06;1.023837816139063e-06;3.1221252710931227e-07;3.127334403851613e-07
1;distmult;yago3-10;1;0;4;500;NaN;NaN;5551.553575243039;25001.01473976008;NaN;0.0010987299601747443;0.0011115743303894002;1.0335938320826065e-06;1.0345395423517907e-06;3.248465104258142e-07;3.255491770335271e-07
1;distmult;yago3-10;1;0;8;500;NaN;NaN;4273.880356735686;28503.856377937624;NaN;0.001145402765905747;0.001161107893215576;1.0413465036631875e-06;1.0423103171464685e-06;3.1766811081416535e-07;3.183123243655752e-07
1;convkb;wn18rr;1;0;2;500;175844076;13404647;8836.980740070343;59474.493629018994;NaN;0.000944386265672509;0.0011304438529408445;1.5712469286207624e-06;1.5725779747388966e-06;7.274865125663957e-07;7.28808481156015e-07
1;convkb;wn18rr;1;0;4;500;175843987;13404588;6626.108975410461;56241.92871348701;NaN;0.0008737419600688971;0.0011095765745545967;1.1865482773891715e-06;1.1882824896935601e-06;4.3851406238310643e-07;4.4006839878186674e-07
1;convkb;wn18rr;1;0;8;500;175843857;13404647;5395.425433397293;59621.81335595301;NaN;0.0009392087338887227;0.0013001987674424364;1.7666131788011124e-06;1.7680437778858162e-06;1.4164868523092831e-06;1.4179473315920136e-06
1;convkb;wn18rr;1;0;2;500;NaN;NaN;8790.392526837757;59535.74777025663;NaN;0.0008907843223185611;0.0010542584870041072;1.6252254167757676e-06;1.6268864569032196e-06;6.953603428789757e-07;6.964658002711158e-07
1;convkb;wn18rr;1;0;4;500;NaN;NaN;6603.988553989258;56875.90049359266;NaN;0.0008635418196546395;0.001099777084815319;1.7809639551081832e-06;1.782329685354208e-06;7.919019289447245e-07;7.934459644372862e-07
1;convkb;wn18rr;1;0;8;500;NaN;NaN;5332.357754283107;59257.55168363596;NaN;0.00042834670044655023;0.0007542878495212202;1.8370624443085513e-06;1.8384541723704232e-06;8.24191175635634e-07;8.254480164029818e-07
1;convkb;wn18;1;0;2;500;179372161;16164648;13784.362237930298;95388.36002858;NaN;0.000318564510345459;0.0005032957871997496;1.369190216064453e-06;1.3702572003239765e-06;6.295204162597656e-07;6.305468006758018e-07
1;convkb;wn18;1;0;4;500;179372143;16164581;9906.449476242064;90993.74420740598;NaN;0.0006859262466430664;0.0009207598143999348;1.8874168395996097e-06;1.8886183999711647e-06;1.4131546020507813e-06;1.414100400870666e-06
1;convkb;wn18;1;0;8;500;179372143;16164581;8474.701509714127;98595.00342848401;NaN;0.000640193748474121;0.0009915674748001038;1.9451141357421876e-06;1.9466408004518602e-06;1.4130592346191406e-06;1.4138540005660617e-06
1;convkb;wn18;1;0;2;500;NaN;NaN;13476.692207344931;93777.10576649944;NaN;0.0006005912780761718;0.0007446127139999932;2.0638465881347655e-06;2.0650307999972027e-06;7.363319396972656e-07;7.374207999987449e-07
1;convkb;wn18;1;0;4;500;NaN;NaN;9958.167293792118;89671.09057089085;NaN;0.0006546962738037108;0.0008857519040000057;1.4520645141601562e-06;1.453802399998949e-06;1.34124755859375e-06;1.3427452000087214e-06
1;convkb;wn18;1;0;8;500;NaN;NaN;8244.914394387348;98552.47714328465;NaN;0.000645082950592041;0.0010028258887999982;1.9829750061035156e-06;1.984847999983686e-06;1.4165878295898438e-06;1.4176284000086525e-06
1;convkb;fb15k;1;0;2;500;202078048;40785777;41733.54481577873;299279.876789237;NaN;0.00010441499514314276;0.0002670001868258166;1.810093904061823e-06;1.810214826040676e-06;1.151372321206452e-06;1.1398992737987193e-06
1;convkb;fb15k;1;0;4;500;202077845;40785595;29213.225075244907;287018.7482981989;NaN;7.702206421466726e-05;0.0003168841880449293;1.6585450762426653e-06;1.6586967545421538e-06;1.5652941942267435e-06;1.5654707382169995e-06
1;convkb;fb15k;1;0;8;500;202077980;40785777;23814.690541744225;301776.940963384;NaN;6.933365330543782e-05;0.0004021438251258117;1.8012144052549053e-06;1.8013603289076169e-06;1.1571520677025914e-06;1.157289126834344e-06
1;convkb;fb15k;1;0;2;500;NaN;NaN;40589.80950998518;300155.23611589137;NaN;0.00010397516127814953;0.00025718204828088244;1.8310979548760048e-06;1.831237629291944e-06;1.1537213522544642e-06;1.1538742530199294e-06
1;convkb;fb15k;1;0;4;500;NaN;NaN;28444.701066676655;279648.7133568402;NaN;8.371071620868254e-05;0.0003525284301264554;1.6239231031673285e-06;1.624060063314107e-06;1.3543253748460208e-06;1.354465541469327e-06
1;convkb;fb15k;1;0;8;500;NaN;NaN;24259.43764028847;297876.77892049093;NaN;7.761349534110947e-05;0.0004116044545039004;1.6176751649159153e-06;1.6178129369735148e-06;1.3924345692709831e-06;1.3923151800388195e-06
1;convkb;fb15k-237;1;0;2;500;111560545;29526067;23523.479946851723;168400.68814469097;NaN;0.00012158859918140621;0.00028738470046006415;9.672762374960055e-07;9.678276737724294e-07;6.2736819571788e-07;6.27641550006471e-07
1;convkb;fb15k-237;1;0;4;500;111560612;29526000;17034.658873558044;167173.896714849;NaN;0.00010344058009833666;0.0003607444774441613;1.009388531779039e-06;1.0099214210919744e-06;5.977612697094758e-07;5.98112926516769e-07
1;convkb;fb15k-237;1;0;8;500;111560549;29526067;13956.54752492905;176123.27850993;NaN;9.582390091355993e-05;0.000417594780018051;9.92076995846623e-07;9.926675794663823e-07;6.125064054362776e-07;6.128342300825706e-07
1;convkb;fb15k-237;1;0;2;500;NaN;NaN;23444.043705584558;169702.533938501;NaN;0.000114755138677561;0.0002920911701732031;7.183354175514245e-07;7.187871611678979e-07;4.3432823843376924e-07;4.3451619532284297e-07
1;convkb;fb15k-237;1;0;4;500;NaN;NaN;17237.096150689144;169473.7224067149;NaN;0.00010816375970583813;0.0003671012486544656;9.724323688181941e-07;9.72979547901353e-07;5.492563058233667e-07;5.496613171518829e-07
1;convkb;fb15k-237;1;0;8;500;NaN;NaN;13714.976942548285;174662.5243783818;NaN;8.535014170351672e-05;0.0004472710168313955;9.088323055408811e-07;9.093467071145063e-07;5.8408935588684e-07;5.843840884629435e-07
1;convkb;yago3-10;1;0;2;500;492678797;129698925;77257.52026247977;639472.937937255;NaN;0.0006117454162805926;0.0007820534929711653;1.5968589216099834e-06;1.59834322864687e-06;1.1694091527350022e-06;1.1705030057734811e-06
1;convkb;yago3-10;1;0;4;500;492678740;129698862;52929.34602499008;659980.2049051573;NaN;0.0006051709593562705;0.0008560031545569053;1.774500383999586e-06;1.7763496631182904e-06;8.263773632930113e-07;8.275383385739523e-07
1;convkb;yago3-10;1;0;8;500;492678803;129698925;31445.994606018066;672841.8462452429;NaN;0.0006150805007401647;0.0009739635307092252;2.2847410283955835e-06;2.286075469983546e-06;8.51836753915659e-07;8.528097168161465e-07
1;convkb;yago3-10;1;0;2;500;NaN;NaN;76378.15643702597;623059.2486251269;NaN;0.0006401154086657769;0.0007911996230428843;1.327908216160208e-06;1.3288968285947307e-06;4.3041684071446264e-07;4.313179446795375e-07
1;convkb;yago3-10;1;0;4;500;NaN;NaN;52833.51547482722;653174.9381920885;NaN;0.0005933874728257568;0.0008486372340425407;1.3855268370430424e-06;1.3869763147411761e-06;4.904282614678466e-07;4.91815335178298e-07
1;convkb;yago3-10;1;0;8;500;NaN;NaN;31535.756721638358;683394.787859034;NaN;0.0006005789849806962;0.0009542792059413647;1.4931071192229525e-06;1.494323163385772e-06;5.082306925047357e-07;5.091397028850628e-07
